{
  "rouge": {
    "rouge1": 0.5806921365760399,
    "rouge2": 0.1639241381936171,
    "rougeL": 0.5151385530843546,
    "rougeLsum": 0.516124973151936
  },
  "bertscore": {
    "precision": 0.6563137762412465,
    "recall": 0.6844429149312903,
    "f1": 0.6692867867812551
  },
  "perplexity": {
    "mean": 1.0398447857509323,
    "min": 1.000072717666626,
    "max": 3.2364187240600586
  }
}