{
  "rouge": {
    "rouge1": 0.5831458815751633,
    "rouge2": 0.16378086797471353,
    "rougeL": 0.5176748389494317,
    "rougeLsum": 0.5189965476658089
  },
  "bertscore": {
    "precision": 0.6545309916976612,
    "recall": 0.6844129530316752,
    "f1": 0.6683603860346787
  },
  "perplexity": {
    "mean": 1.0063961610234453,
    "min": 1.0000773668289185,
    "max": 1.574790358543396
  }
}