{
  "rouge": {
    "rouge1": 0.16160077526935857,
    "rouge2": 0.024923759658898717,
    "rougeL": 0.1444082712891538,
    "rougeLsum": 0.14477895975571575
  },
  "bertscore": {
    "precision": 0.6271524338434774,
    "recall": 0.5912202342499232,
    "f1": 0.6070889840629083
  },
  "perplexity": {
    "mean": 18.96495377679243,
    "min": 1.028960108757019,
    "max": 5047.39990234375
  }
}