{
  "rouge": {
    "rouge1": 0.4347826086956522,
    "rouge2": 0.09523809523809523,
    "rougeL": 0.3478260869565218,
    "rougeLsum": 0.3478260869565218
  },
  "perplexity": {
    "mean": 1.1944000720977783,
    "min": 1.1944000720977783,
    "max": 1.1944000720977783
  }
}