{
  "rouge": {
    "rouge1": 0.4536228326729945,
    "rouge2": 0.08184256050250854,
    "rougeL": 0.3932226883462345,
    "rougeLsum": 0.3935207275683885
  },
  "bertscore": {
    "precision": 0.6207285772824118,
    "recall": 0.6617420871629782,
    "f1": 0.6402664952878411
  },
  "perplexity": {
    "mean": 1.0169564003640033,
    "min": 1.0000072717666626,
    "max": 1.483824372291565
  }
}