{
  "rouge": {
    "rouge1": 0.5814620050264667,
    "rouge2": 0.16417119057104004,
    "rougeL": 0.5161065285271818,
    "rougeLsum": 0.5167048492536908
  },
  "bertscore": {
    "precision": 0.6550815475599107,
    "recall": 0.6844454917756153,
    "f1": 0.6686335379453626
  },
  "perplexity": {
    "mean": 1.0168299179496858,
    "min": 1.0000576972961426,
    "max": 1.9655730724334717
  }
}