{
  "rouge": {
    "rouge1": 0.2098824393337245,
    "rouge2": 0.03232892598594397,
    "rougeL": 0.18286525050019076,
    "rougeLsum": 0.18214451394250353
  },
  "bertscore": {
    "precision": 0.6264170110225677,
    "recall": 0.6092635870296904,
    "f1": 0.6160947240836231
  },
  "perplexity": {
    "mean": 7.806327403648525,
    "min": 1.0296767950057983,
    "max": 426.6461486816406
  }
}