{
  "rouge": {
    "rouge1": 0.4424288300277833,
    "rouge2": 0.07949419871250739,
    "rougeL": 0.38468867703884935,
    "rougeLsum": 0.3845332969889513
  },
  "bertscore": {
    "precision": 0.6179552932157584,
    "recall": 0.6582649809354586,
    "f1": 0.6370361700442666
  },
  "perplexity": {
    "mean": 1.1066395712236987,
    "min": 1.001516342163086,
    "max": 15.147394180297852
  }
}