{
  "rouge": {
    "rouge1": 0.45511545391960095,
    "rouge2": 0.08201270219843515,
    "rougeL": 0.394867632786194,
    "rougeLsum": 0.39510867826013896
  },
  "bertscore": {
    "precision": 0.6188854407122795,
    "recall": 0.6618276607271627,
    "f1": 0.6393375407296715
  },
  "perplexity": {
    "mean": 1.0031674229506906,
    "min": 1.0000030994415283,
    "max": 1.1955636739730835
  }
}