{
  "rouge": {
    "rouge1": 0.454897976141889,
    "rouge2": 0.08182543777458126,
    "rougeL": 0.39458610678917244,
    "rougeLsum": 0.39511643060563023
  },
  "bertscore": {
    "precision": 0.6195878546077309,
    "recall": 0.661560169031434,
    "f1": 0.6395625010238472
  },
  "perplexity": {
    "mean": 1.004619670041064,
    "min": 1.0000132322311401,
    "max": 1.7616568803787231
  }
}