{
  "rouge": {
    "rouge1": 0.5821141482980717,
    "rouge2": 0.16435060844214727,
    "rougeL": 0.5172319763446351,
    "rougeLsum": 0.518271096666547
  },
  "bertscore": {
    "precision": 0.6549633769067984,
    "recall": 0.6843689656782267,
    "f1": 0.6685191129122503
  },
  "perplexity": {
    "mean": 1.0154039696551185,
    "min": 1.0002448558807373,
    "max": 1.3215874433517456
  }
}