{
  "rouge": {
    "rouge1": 0.4507545211783145,
    "rouge2": 0.08117056997340033,
    "rougeL": 0.3906989746755173,
    "rougeLsum": 0.3908828428648695
  },
  "bertscore": {
    "precision": 0.6194163865231453,
    "recall": 0.6619324087039798,
    "f1": 0.6395941328072379
  },
  "perplexity": {
    "mean": 1.0525592419695347,
    "min": 1.002781867980957,
    "max": 2.240339517593384
  }
}