{
  "rouge": {
    "rouge1": 0.18402028588942682,
    "rouge2": 0.025952859949172312,
    "rougeL": 0.16285083028531364,
    "rougeLsum": 0.16256124662820504
  },
  "bertscore": {
    "precision": 0.6320882954284655,
    "recall": 0.5960155897212367,
    "f1": 0.6117748855910403
  },
  "perplexity": {
    "mean": 9.725760856841474,
    "min": 1.0274772644042969,
    "max": 684.0782470703125
  }
}