{
  "rouge": {
    "rouge1": 0.3359343832239461,
    "rouge2": 0.08580540207226572,
    "rougeL": 0.30373327530137934,
    "rougeLsum": 0.304497984923787
  },
  "bertscore": {
    "precision": 0.6536228374776164,
    "recall": 0.6385921917509625,
    "f1": 0.6444274152112182
  },
  "perplexity": {
    "mean": 6.432311763681818,
    "min": 1.0171358585357666,
    "max": 377.7257385253906
  }
}