{
  "rouge": {
    "rouge1": 0.4561285299777994,
    "rouge2": 0.08251117453434927,
    "rougeL": 0.3957370959370822,
    "rougeLsum": 0.3962273519094204
  },
  "bertscore": {
    "precision": 0.6193259943884315,
    "recall": 0.6618890587953811,
    "f1": 0.6396103447422068
  },
  "perplexity": {
    "mean": 1.0011892760476322,
    "min": 1.0000228881835938,
    "max": 1.1197364330291748
  }
}