{
  "rouge": {
    "rouge1": 0.45075542938217816,
    "rouge2": 0.08157523964550367,
    "rougeL": 0.39058737717232583,
    "rougeLsum": 0.3908924788273882
  },
  "bertscore": {
    "precision": 0.6197560507249325,
    "recall": 0.6610073295045407,
    "f1": 0.6393695239056932
  },
  "perplexity": {
    "mean": 1.0607173337158582,
    "min": 1.000140905380249,
    "max": 24.138092041015625
  }
}