{
  "rouge": {
    "rouge1": 0.20688209451314168,
    "rouge2": 0.04614807551057333,
    "rougeL": 0.17171304535931997,
    "rougeLsum": 0.18798720326546306
  },
  "bertscore": {
    "precision": 0.6312139644890951,
    "recall": 0.7075580301669524,
    "f1": 0.6657147946742461
  },
  "perplexity": {
    "mean": NaN,
    "min": 1.3040015697479248,
    "max": 2048.932861328125
  }
}