{
  "rouge": {
    "rouge1": 0.38686799586307297,
    "rouge2": 0.13894649960006375,
    "rougeL": 0.30893074949505717,
    "rougeLsum": 0.3124883120948079
  },
  "bertscore": {
    "precision": 0.7537200870983144,
    "recall": 0.78686264569455,
    "f1": 0.7692386942340973
  },
  "perplexity": {
    "mean": 26.33987426778949,
    "min": 1.377924919128418,
    "max": 1999.533935546875
  }
}