{
  "rouge": {
    "rouge1": 0.4009385362324307,
    "rouge2": 0.14968391449356117,
    "rougeL": 0.3208142078103857,
    "rougeLsum": 0.3229479925998481
  },
  "bertscore": {
    "precision": 0.7657556232619793,
    "recall": 0.7939435625118567,
    "f1": 0.7789794632517699
  },
  "perplexity": {
    "mean": 27.23909201436009,
    "min": 1.2678697109222412,
    "max": 2716.19482421875
  }
}