{
  "rouge": {
    "rouge1": 0.32843934607676095,
    "rouge2": 0.10962737272214484,
    "rougeL": 0.2620638517686391,
    "rougeLsum": 0.26529613314566713
  },
  "bertscore": {
    "precision": 0.7223772808169642,
    "recall": 0.7666072097230465,
    "f1": 0.7429949059448344
  },
  "perplexity": {
    "mean": 157577.0877359628,
    "min": 1.4204634428024292,
    "max": 44427924.0
  }
}