{
  "rouge": {
    "rouge1": 0.33046943970859133,
    "rouge2": 0.14451097277854313,
    "rougeL": 0.28958412579561876,
    "rougeLsum": 0.3025925360906722
  },
  "bertscore": {
    "precision": 0.704160102276464,
    "recall": 0.7526547079564306,
    "f1": 0.7254978514533754
  },
  "perplexity": {
    "mean": 4261.050500277785,
    "min": 1.128781795501709,
    "max": 1672683.625
  }
}