{
  "rouge": {
    "rouge1": 0.32167138040744814,
    "rouge2": 0.11137208904783705,
    "rougeL": 0.25768968861165165,
    "rougeLsum": 0.2603146813913776
  },
  "bertscore": {
    "precision": 0.7217662855454371,
    "recall": 0.7663875761184287,
    "f1": 0.7425100534942979
  },
  "perplexity": {
    "mean": 1584006.7508002855,
    "min": 1.7819526195526123,
    "max": 848867712.0
  }
}