{
  "rouge": {
    "rouge1": 0.235289538904527,
    "rouge2": 0.057446586453307115,
    "rougeL": 0.1857794939991514,
    "rougeLsum": 0.19256237827641548
  },
  "bertscore": {
    "precision": 0.6641865789044833,
    "recall": 0.7129989165997674,
    "f1": 0.6866318164987767
  },
  "perplexity": {
    "mean": 2419.4904113490106,
    "min": 1.5938040018081665,
    "max": 981710.1875
  }
}