{
  "rouge": {
    "rouge1": 0.4354213781832291,
    "rouge2": 0.1813501689325528,
    "rougeL": 0.3575058054268565,
    "rougeLsum": 0.3589624217130575
  },
  "bertscore": {
    "precision": 0.7833497192420013,
    "recall": 0.8023250551088482,
    "f1": 0.7921678582404522
  },
  "perplexity": {
    "mean": 20.974673106103925,
    "min": 1.460016131401062,
    "max": 298.713623046875
  }
}