{
  "rouge": {
    "rouge1": 0.3513894295012926,
    "rouge2": 0.12247337874333436,
    "rougeL": 0.2829103281329213,
    "rougeLsum": 0.2868189381654399
  },
  "bertscore": {
    "precision": 0.7323965940703737,
    "recall": 0.7685573633680952,
    "f1": 0.7491935743085036
  },
  "perplexity": {
    "mean": 74.27492820096354,
    "min": 1.5239993333816528,
    "max": 21216.46875
  }
}