{
  "rouge": {
    "rouge1": 0.5263157894736842,
    "rouge2": 0.16666666666666669,
    "rougeL": 0.36842105263157887,
    "rougeLsum": 0.36842105263157887
  },
  "perplexity": {
    "mean": 13.668278694152832,
    "min": 13.668278694152832,
    "max": 13.668278694152832
  }
}