{
  "rouge": {
    "rouge1": 0.4276106519697565,
    "rouge2": 0.18092632685456028,
    "rougeL": 0.3577123342708842,
    "rougeLsum": 0.35988519063769653
  },
  "bertscore": {
    "precision": 0.7736600841402163,
    "recall": 0.7934745704451351,
    "f1": 0.7827522644759916
  },
  "perplexity": {
    "mean": 47.04032303910729,
    "min": 1.6472959518432617,
    "max": 8633.662109375
  }
}