{
  "rouge": {
    "rouge1": 0.4491102500808749,
    "rouge2": 0.19418029203727044,
    "rougeL": 0.37187289115455013,
    "rougeLsum": 0.37273052400458406
  },
  "bertscore": {
    "precision": 0.7876683339370903,
    "recall": 0.8115553361304263,
    "f1": 0.7988739062814002
  },
  "perplexity": {
    "mean": 11.544373565743156,
    "min": 1.203940987586975,
    "max": 73.20584869384766
  }
}