{
  "rouge": {
    "rouge1": 0.4074840963053985,
    "rouge2": 0.15537750845836024,
    "rougeL": 0.3280255115704671,
    "rougeLsum": 0.3302778152550029
  },
  "bertscore": {
    "precision": 0.7703895492756621,
    "recall": 0.7903965249763313,
    "f1": 0.7796548530987814
  },
  "perplexity": {
    "mean": 18751.868572225383,
    "min": 1.7284557819366455,
    "max": 10559625.0
  }
}