{
  "rouge": {
    "rouge1": 0.5904381517541419,
    "rouge2": 0.35317021200112175,
    "rougeL": 0.5387809612880854,
    "rougeLsum": 0.5469788909231992
  },
  "bertscore": {
    "precision": 0.8445196667626901,
    "recall": 0.8417689320802105,
    "f1": 0.8416608455420124
  },
  "perplexity": {
    "mean": 922.441696747008,
    "min": 1.3126535415649414,
    "max": 358389.03125
  }
}