{
  "rouge": {
    "rouge1": 0.24799670072701874,
    "rouge2": 0.0623585733890648,
    "rougeL": 0.19586848092433068,
    "rougeLsum": 0.2041978270143711
  },
  "bertscore": {
    "precision": 0.6642585850142418,
    "recall": 0.716645156238096,
    "f1": 0.6883208805576284
  },
  "perplexity": {
    "mean": 552.9149670347255,
    "min": 1.4054657220840454,
    "max": 243285.734375
  }
}