{
  "rouge": {
    "rouge1": 0.28694799089425893,
    "rouge2": 0.08616412055892203,
    "rougeL": 0.23281947445962273,
    "rougeLsum": 0.23758324113419374
  },
  "bertscore": {
    "precision": 0.7003949332110425,
    "recall": 0.7361902179236107,
    "f1": 0.7168170514893024
  },
  "perplexity": {
    "mean": 675.8663544213096,
    "min": 1.2239538431167603,
    "max": 176384.328125
  }
}