{
  "rouge": {
    "rouge1": 0.28536463414224444,
    "rouge2": 0.08532067346331565,
    "rougeL": 0.22468922664122515,
    "rougeLsum": 0.2303855197783489
  },
  "bertscore": {
    "precision": 0.6924201440303883,
    "recall": 0.741922176581748,
    "f1": 0.7153723062352931
  },
  "perplexity": {
    "mean": 1080066.578473892,
    "min": 1.5668095350265503,
    "max": 300874400.0
  }
}