{
  "rouge": {
    "rouge1": 0.4256268939243124,
    "rouge2": 0.17590447302005321,
    "rougeL": 0.3506943406644494,
    "rougeLsum": 0.35223432558930257
  },
  "bertscore": {
    "precision": 0.7703623991486028,
    "recall": 0.8020137795742522,
    "f1": 0.7852315975630537
  },
  "perplexity": {
    "mean": 14.010925309455141,
    "min": 1.57548189163208,
    "max": 172.90402221679688
  }
}