{
  "rouge": {
    "rouge1": 0.25731867131532493,
    "rouge2": 0.08888744199561073,
    "rougeL": 0.2191960292593467,
    "rougeLsum": 0.23382082113605016
  },
  "bertscore": {
    "precision": 0.6662118804338217,
    "recall": 0.7344849227693087,
    "f1": 0.6967546168924252
  },
  "perplexity": {
    "mean": 9081.21934367975,
    "min": 1.1640046834945679,
    "max": 3690822.0
  }
}