{
  "rouge": {
    "rouge1": 0.28237083692876874,
    "rouge2": 0.09672057888169386,
    "rougeL": 0.2388729746006886,
    "rougeLsum": 0.25492668002908325
  },
  "bertscore": {
    "precision": 0.6786755649851121,
    "recall": 0.7382123769058283,
    "f1": 0.7052841145718302
  },
  "perplexity": {
    "mean": 1136.9200628549954,
    "min": 1.894054889678955,
    "max": 259392.796875
  }
}