{
  "rouge": {
    "rouge1": 0.13207893112013933,
    "rouge2": 0.07327952281711407,
    "rougeL": 0.1187307124857586,
    "rougeLsum": 0.12305480239606284
  },
  "bertscore": {
    "precision": 0.5773876681741701,
    "recall": 0.7192001179552895,
    "f1": 0.6389597479463498
  },
  "perplexity": {
    "mean": 1.6557862851905356,
    "min": 1.1710749864578247,
    "max": 4.020631790161133
  }
}