{
  "rouge": {
    "rouge1": 0.14093011141180467,
    "rouge2": 0.07890529340485106,
    "rougeL": 0.12716969363278352,
    "rougeLsum": 0.13267138800358425
  },
  "bertscore": {
    "precision": 0.577665829862534,
    "recall": 0.7243295652942144,
    "f1": 0.640361236476665
  },
  "perplexity": {
    "mean": NaN,
    "min": 1.2159042358398438,
    "max": 414910.71875
  }
}