{
  "rouge": {
    "rouge1": 0.13616369926510108,
    "rouge2": 0.07560072819093139,
    "rougeL": 0.12255088226219762,
    "rougeLsum": 0.12725534543022465
  },
  "bertscore": {
    "precision": 0.5766809576880961,
    "recall": 0.7221127429334925,
    "f1": 0.6391732146221152
  },
  "perplexity": {
    "mean": 1.8230261178937692,
    "min": 1.1705501079559326,
    "max": 8.272625923156738
  }
}