{
  "rouge": {
    "rouge1": 0.12654261259570368,
    "rouge2": 0.05200139416941449,
    "rougeL": 0.10728276650667412,
    "rougeLsum": 0.10928025514321006
  },
  "bertscore": {
    "precision": 0.620811771627859,
    "recall": 0.7254981675469283,
    "f1": 0.6682862940620868
  },
  "perplexity": {
    "mean": 157.9923674457885,
    "min": 1.513708472251892,
    "max": 49124.328125
  }
}