{
  "rouge": {
    "rouge1": 0.027104658165027676,
    "rouge2": 0.0,
    "rougeL": 0.025331578234877774,
    "rougeLsum": 0.025028909221022678
  },
  "bertscore": {
    "precision": 0.4620039367929418,
    "recall": 0.5692096249008856,
    "f1": 0.5096325844737655
  },
  "perplexity": {
    "mean": 73.51387736814242,
    "min": 51.760921478271484,
    "max": 135.16554260253906
  }
}