{
  "rouge": {
    "rouge1": 0.1350722745676886,
    "rouge2": 0.041890047252527235,
    "rougeL": 0.1095297846484972,
    "rougeLsum": 0.11350445739687717
  },
  "bertscore": {
    "precision": 0.5933603762734866,
    "recall": 0.7045872244217717,
    "f1": 0.643639253175005
  },
  "perplexity": {
    "mean": NaN,
    "min": 1.1958489418029785,
    "max": 72.82245635986328
  }
}