{
  "rouge": {
    "rouge1": 0.13240121388886694,
    "rouge2": 0.07035162125640283,
    "rougeL": 0.1175127836842775,
    "rougeLsum": 0.1242981966366001
  },
  "bertscore": {
    "precision": 0.5737189315350539,
    "recall": 0.7199595444505547,
    "f1": 0.6366725663101178
  },
  "perplexity": {
    "mean": 9.13489152195984,
    "min": 1.225000023841858,
    "max": 1863.79541015625
  }
}