{
  "rouge": {
    "rouge1": 0.1251268380064663,
    "rouge2": 0.04514920007666551,
    "rougeL": 0.10668961038083861,
    "rougeLsum": 0.10488383024080405
  },
  "bertscore": {
    "precision": 0.5783936739073577,
    "recall": 0.7023992445451993,
    "f1": 0.633479211770051
  },
  "perplexity": {
    "mean": 1.7587059681297195,
    "min": 1.1715805530548096,
    "max": 8.748150825500488
  }
}