{
  "rouge": {
    "rouge1": 0.168588763983449,
    "rouge2": 0.06097333343358881,
    "rougeL": 0.13801492314541125,
    "rougeLsum": 0.13878770486594158
  },
  "bertscore": {
    "precision": 0.6131332596988542,
    "recall": 0.716964139477581,
    "f1": 0.6598754483968654
  },
  "perplexity": {
    "mean": NaN,
    "min": 1.1794272661209106,
    "max": 7.310214042663574
  }
}