{
  "rouge": {
    "rouge1": 0.15105746778013335,
    "rouge2": 0.0508968422220961,
    "rougeL": 0.12437085179052149,
    "rougeLsum": 0.125709676921462
  },
  "bertscore": {
    "precision": 0.6066619571007735,
    "recall": 0.7157182846720337,
    "f1": 0.6559598593847126
  },
  "perplexity": {
    "mean": NaN,
    "min": 1.2114014625549316,
    "max": 14.995391845703125
  }
}