{
  "rouge": {
    "rouge1": 0.23362801831625302,
    "rouge2": 0.1088832106193368,
    "rougeL": 0.1984593669292628,
    "rougeLsum": 0.19760712757275228
  },
  "bertscore": {
    "precision": 0.6438048867680503,
    "recall": 0.7332060983840455,
    "f1": 0.6835580612433717
  },
  "perplexity": {
    "mean": 2.4377953093102636,
    "min": 1.1067134141921997,
    "max": 14.867204666137695
  }
}