{
  "rouge": {
    "rouge1": 0.1333864782642968,
    "rouge2": 0.05085628221912834,
    "rougeL": 0.11583300588931403,
    "rougeLsum": 0.1109963968810925
  },
  "bertscore": {
    "precision": 0.5865133457044338,
    "recall": 0.6982380585044834,
    "f1": 0.6366558030036324
  },
  "perplexity": {
    "mean": 1.6845207453196775,
    "min": 1.188897967338562,
    "max": 9.105134010314941
  }
}