{
  "rouge": {
    "rouge1": 0.1391349161106501,
    "rouge2": 0.055447389885293366,
    "rougeL": 0.1183269664660649,
    "rougeLsum": 0.11676279961431052
  },
  "bertscore": {
    "precision": 0.577576164393983,
    "recall": 0.711691769407996,
    "f1": 0.6363909248764633
  },
  "perplexity": {
    "mean": 1.7226207691726956,
    "min": 1.2181315422058105,
    "max": 5.967966079711914
  }
}