{
  "rouge": {
    "rouge1": 0.12169823624883574,
    "rouge2": 0.053566454508343304,
    "rougeL": 0.1026385905351114,
    "rougeLsum": 0.10846362943232939
  },
  "bertscore": {
    "precision": 0.6076360786109106,
    "recall": 0.7185116054107111,
    "f1": 0.6578642141523091
  },
  "perplexity": {
    "mean": 1.8541709520715348,
    "min": 1.1766282320022583,
    "max": 3.2278850078582764
  }
}