{
  "rouge": {
    "rouge1": 0.1375630310333661,
    "rouge2": 0.07129102827894393,
    "rougeL": 0.12139752583857559,
    "rougeLsum": 0.12887425560509072
  },
  "bertscore": {
    "precision": 0.5822951229685385,
    "recall": 0.7184542506423148,
    "f1": 0.6419102434424141
  },
  "perplexity": {
    "mean": 1.762443762828202,
    "min": 1.0859254598617554,
    "max": 4.766717433929443
  }
}